[
  {
    "name": "Hotel Ella",
    "price_per_night": 180.0,
    "rating": 4.6,
    "lat": 30.2887,
    "lng": -97.7403,
    "link": "https://hotelella.com",
    "address": "1900 Rio Grande St, Austin, TX 78705",
    "amenities": ["WiFi", "Pool", "Restaurant", "Parking", "Spa"]
  },
  {
    "name": "The LINE Austin",
    "price_per_night": 220.0,
    "rating": 4.5,
    "lat": 30.2640,
    "lng": -97.7425,
    "link": "https://thelinehotel.com/austin",
    "address": "111 E Cesar Chavez St, Austin, TX 78701",
    "amenities": ["WiFi", "Pool", "Rooftop Bar", "Restaurant", "Fitness Center"]
  },
  {
    "name": "South Austin Hotel",
    "price_per_night": 140.0,
    "rating": 4.3,
    "lat": 30.2515,
    "lng": -97.7560,
    "link": "https://southaustinhotel.com",
    "address": "1603 S Congress Ave, Austin, TX 78704",
    "amenities": ["WiFi", "Restaurant", "Bar", "Parking"]
  },
  {
    "name": "Hampton Inn & Suites Austin Downtown",
    "price_per_night": 120.0,
    "rating": 4.2,
    "lat": 30.2685,
    "lng": -97.7456,
    "link": "https://hamptoninn.hilton.com",
    "address": "200 San Jacinto Blvd, Austin, TX 78701",
    "amenities": ["WiFi", "Pool", "Fitness Center", "Breakfast", "Parking"]
  },
  {
    "name": "Holiday Inn Express Austin Downtown",
    "price_per_night": 100.0,
    "rating": 4.0,
    "lat": 30.2701,
    "lng": -97.7412,
    "link": "https://ihg.com",
    "address": "300 E 4th St, Austin, TX 78701",
    "amenities": ["WiFi", "Breakfast", "Fitness Center", "Business Center"]
  },
  {
    "name": "Aloft Austin Downtown",
    "price_per_night": 135.0,
    "rating": 4.1,
    "lat": 30.2669,
    "lng": -97.7431,
    "link": "https://alofthotels.com",
    "address": "200 San Jacinto Blvd, Austin, TX 78701",
    "amenities": ["WiFi", "Pool", "Bar", "Fitness Center", "Pet Friendly"]
  },
  {
    "name": "Extended Stay America Austin Downtown",
    "price_per_night": 85.0,
    "rating": 3.8,
    "lat": 30.2743,
    "lng": -97.7398,
    "link": "https://extendedstayamerica.com",
    "address": "507 S 1st St, Austin, TX 78704",
    "amenities": ["WiFi", "Kitchenette", "Parking", "Laundry"]
  },
  {
    "name": "Budget Inn Austin",
    "price_per_night": 65.0,
    "rating": 3.5,
    "lat": 30.2892,
    "lng": -97.7689,
    "link": "https://budgetinnaustin.com",
    "address": "909 E Koenig Ln, Austin, TX 78751",
    "amenities": ["WiFi", "Parking", "24-hour Front Desk"]
  },
  {
    "name": "Austin Motel",
    "price_per_night": 95.0,
    "rating": 4.0,
    "lat": 30.2625,
    "lng": -97.7506,
    "link": "https://austinmotel.com",
    "address": "1220 S Congress Ave, Austin, TX 78704",
    "amenities": ["WiFi", "Pool", "Vintage Charm", "Parking"]
  },
  {
    "name": "Hotel Van Zandt",
    "price_per_night": 195.0,
    "rating": 4.4,
    "lat": 30.2634,
    "lng": -97.7354,
    "link": "https://hotelvanzandt.com",
    "address": "605 Davis St, Austin, TX 78701",
    "amenities": ["WiFi", "Pool", "Spa", "Restaurant", "Live Music"]
  },
  {
    "name": "Four Points by Sheraton Austin Airport",
    "price_per_night": 110.0,
    "rating": 3.9,
    "lat": 30.1944,
    "lng": -97.6700,
    "link": "https://fourpoints.com",
    "address": "7800 Airport Blvd, Austin, TX 78752",
    "amenities": ["WiFi", "Pool", "Airport Shuttle", "Restaurant", "Fitness Center"]
  },
  {
    "name": "Canopy by Hilton Austin Downtown",
    "price_per_night": 160.0,
    "rating": 4.3,
    "lat": 30.2669,
    "lng": -97.7431,
    "link": "https://canopy3.hilton.com",
    "address": "604 West 6th Street, Austin, TX 78701",
    "amenities": ["WiFi", "Rooftop Bar", "Restaurant", "Fitness Center", "Local Art"]
  }
]
