[
  {
    "name": "Franklin Barbecue",
    "tags": ["BBQ", "restaurant", "barbecue"],
    "rating": 4.6,
    "price": 25.0,
    "lat": 30.2701,
    "lng": -97.7374,
    "place_id": "franklin_bbq",
    "link": "https://franklinbbq.com",
    "address": "900 E 11th St, Austin, TX 78702"
  },
  {
    "name": "la Barbecue",
    "tags": ["BBQ", "restaurant", "barbecue"],
    "rating": 4.4,
    "price": 20.0,
    "lat": 30.2580,
    "lng": -97.7386,
    "place_id": "la_barbecue",
    "link": "https://labarbecue.com",
    "address": "2401 E Cesar Chavez St, Austin, TX 78702"
  },
  {
    "name": "Stubb's Bar-B-Q",
    "tags": ["BBQ", "restaurant", "live music", "venue", "barbecue"],
    "rating": 4.2,
    "price": 22.0,
    "lat": 30.2634,
    "lng": -97.7354,
    "place_id": "stubbs_bbq",
    "link": "https://stubbsaustin.com",
    "address": "801 Red River St, Austin, TX 78701"
  },
  {
    "name": "Micklethwait Craft Meats",
    "tags": ["BBQ", "food truck", "barbecue"],
    "rating": 4.5,
    "price": 18.0,
    "lat": 30.2515,
    "lng": -97.7231,
    "place_id": "micklethwait_bbq",
    "link": "https://craftmeatsaustin.com",
    "address": "1309 Rosewood Ave, Austin, TX 78702"
  },
  {
    "name": "The Continental Club",
    "tags": ["live music", "venue", "bar", "music"],
    "rating": 4.5,
    "price": 15.0,
    "lat": 30.2625,
    "lng": -97.7506,
    "place_id": "continental_club",
    "link": "https://continentalclub.com",
    "address": "1315 S Congress Ave, Austin, TX 78704"
  },
  {
    "name": "Antone's Nightclub",
    "tags": ["live music", "venue", "blues", "music"],
    "rating": 4.4,
    "price": 20.0,
    "lat": 30.2669,
    "lng": -97.7431,
    "place_id": "antones",
    "link": "https://antonesnightclub.com",
    "address": "305 E 5th St, Austin, TX 78701"
  },
  {
    "name": "Saxon Pub",
    "tags": ["live music", "venue", "songwriter", "music"],
    "rating": 4.6,
    "price": 12.0,
    "lat": 30.2515,
    "lng": -97.7697,
    "place_id": "saxon_pub",
    "link": "https://saxonpub.com",
    "address": "1320 S Lamar Blvd, Austin, TX 78704"
  },
  {
    "name": "The Moody Theater",
    "tags": ["live music", "venue", "theater", "music"],
    "rating": 4.7,
    "price": 35.0,
    "lat": 30.2648,
    "lng": -97.7678,
    "place_id": "moody_theater",
    "link": "https://acl-live.com",
    "address": "310 Willie Nelson Blvd, Austin, TX 78701"
  },
  {
    "name": "Zilker Park",
    "tags": ["park", "outdoor", "activities"],
    "rating": 4.5,
    "price": 0.0,
    "lat": 30.2672,
    "lng": -97.7731,
    "place_id": "zilker_park",
    "link": "https://austintexas.gov/department/zilker-metropolitan-park",
    "address": "2100 Barton Springs Rd, Austin, TX 78746"
  },
  {
    "name": "Barton Springs Pool",
    "tags": ["swimming", "park", "outdoor"],
    "rating": 4.4,
    "price": 5.0,
    "lat": 30.2641,
    "lng": -97.7731,
    "place_id": "barton_springs",
    "link": "https://austintexas.gov/department/barton-springs-pool",
    "address": "2201 Barton Springs Rd, Austin, TX 78746"
  },
  {
    "name": "Lady Bird Lake Trail",
    "tags": ["trail", "outdoor", "walking", "running"],
    "rating": 4.6,
    "price": 0.0,
    "lat": 30.2634,
    "lng": -97.7454,
    "place_id": "lady_bird_trail",
    "link": "https://austintexas.gov/department/lady-bird-lake",
    "address": "Lady Bird Lake, Austin, TX 78704"
  },
  {
    "name": "Bullock Texas State History Museum",
    "tags": ["museum", "history", "indoor"],
    "rating": 4.3,
    "price": 15.0,
    "lat": 30.2808,
    "lng": -97.7391,
    "place_id": "bullock_museum",
    "link": "https://thestoryoftexas.com",
    "address": "1800 Congress Ave, Austin, TX 78701"
  },
  {
    "name": "Contemporary Austin",
    "tags": ["museum", "art", "indoor"],
    "rating": 4.2,
    "price": 10.0,
    "lat": 30.2648,
    "lng": -97.7678,
    "place_id": "contemporary_austin",
    "link": "https://thecontemporaryaustin.org",
    "address": "700 Congress Ave, Austin, TX 78701"
  },
  {
    "name": "Blanton Museum of Art",
    "tags": ["museum", "art", "indoor"],
    "rating": 4.4,
    "price": 12.0,
    "lat": 30.2808,
    "lng": -97.7391,
    "place_id": "blanton_museum",
    "link": "https://blantonmuseum.org",
    "address": "200 E Martin Luther King Jr Blvd, Austin, TX 78712"
  },
  {
    "name": "Sightglass Coffee",
    "tags": ["coffee", "cafe"],
    "rating": 4.4,
    "price": 8.0,
    "lat": 30.2651,
    "lng": -97.7451,
    "place_id": "sightglass_coffee",
    "link": "https://sightglasscoffee.com",
    "address": "111 W 2nd St, Austin, TX 78701"
  },
  {
    "name": "Radio Coffee & Beer",
    "tags": ["coffee", "beer", "cafe"],
    "rating": 4.3,
    "price": 10.0,
    "lat": 30.2515,
    "lng": -97.7595,
    "place_id": "radio_coffee",
    "link": "https://radiocoffeeandbeer.com",
    "address": "4204 Menchaca Rd, Austin, TX 78704"
  },
  {
    "name": "Stumptown Coffee Roasters",
    "tags": ["coffee", "cafe"],
    "rating": 4.2,
    "price": 7.0,
    "lat": 30.2669,
    "lng": -97.7431,
    "place_id": "stumptown_coffee",
    "link": "https://stumptowncoffee.com",
    "address": "515 S Congress Ave, Austin, TX 78704"
  },
  {
    "name": "South by Sea",
    "tags": ["restaurant", "seafood", "indoor"],
    "rating": 4.1,
    "price": 28.0,
    "lat": 30.2515,
    "lng": -97.7560,
    "place_id": "south_by_sea",
    "link": "https://southbyseaaustin.com",
    "address": "1603 S Congress Ave, Austin, TX 78704"
  },
  {
    "name": "The ABGB",
    "tags": ["brewery", "restaurant", "beer", "indoor"],
    "rating": 4.3,
    "price": 16.0,
    "lat": 30.2515,
    "lng": -97.7595,
    "place_id": "abgb_brewery",
    "link": "https://theabgb.com",
    "address": "1305 W Oltorf St, Austin, TX 78704"
  },
  {
    "name": "Rainey Street Historic District",
    "tags": ["bar", "nightlife", "historic", "outdoor"],
    "rating": 4.2,
    "price": 18.0,
    "lat": 30.2634,
    "lng": -97.7354,
    "place_id": "rainey_street",
    "link": "https://raineystreetaustin.com",
    "address": "Rainey St, Austin, TX 78701"
  },
  {
    "name": "Austin City Limits Music Festival Grounds",
    "tags": ["park", "outdoor", "music", "festival"],
    "rating": 4.5,
    "price": 0.0,
    "lat": 30.2672,
    "lng": -97.7731,
    "place_id": "acl_grounds",
    "link": "https://aclfestival.com",
    "address": "Zilker Park, Austin, TX 78746"
  }
]
