{
  "austin": {
    "summary": "Sunny",
    "high_f": 78,
    "low_f": 62,
    "rain_chance": 0.15,
    "status": "success"
  },
  "austin_rainy": {
    "summary": "Rainy",
    "high_f": 68,
    "low_f": 58,
    "rain_chance": 0.75,
    "status": "success"
  },
  "dallas": {
    "summary": "Partly Cloudy",
    "high_f": 75,
    "low_f": 58,
    "rain_chance": 0.25,
    "status": "success"
  },
  "houston": {
    "summary": "Humid",
    "high_f": 82,
    "low_f": 68,
    "rain_chance": 0.40,
    "status": "success"
  },
  "san_antonio": {
    "summary": "Pleasant",
    "high_f": 76,
    "low_f": 60,
    "rain_chance": 0.20,
    "status": "success"
  },
  "default": {
    "summary": "Pleasant",
    "high_f": 74,
    "low_f": 60,
    "rain_chance": 0.20,
    "status": "success"
  }
}
